{"cameraMode":{"drawMode":0,"name":"Shaded","section":"Shading Mode"},"sceneLighting":true,"audioPlay":false,"sceneViewState":{"showFog":true,"showMaterialUpdate":false,"showSkybox":true,"showFlares":true,"showImageEffects":true,"showParticleSystems":true},"in2DMode":false,"pivot":{"x":3.159278392791748,"y":-7.474399566650391,"z":0.8114681243896484},"rotation":{"x":-0.5453504323959351,"y":0.157932311296463,"z":-0.10552194714546204,"w":-0.8164476156234741},"size":26.636686325073243,"orthographic":false}